
INSERT INTO `authors` (`id`, `first_name`, `last_name`) VALUES
(1, 'author First Name', 'author Last Name'),
(2, 'author 0001 First Name', 'author 0001 Last Name'),
(3, 'author 0002 First Name', 'author 0002 Last Name'),
(4, 'author 0003 First Name', 'author 0003 Last Name'),
(5, 'author 0004 First Name', 'author 0004 Last Name'),
(6, 'author 0005 First Name', 'author 0005 Last Name'),
(7, 'author 0006 First Name', 'author 0006 Last Name'),
(8, 'author 0007 First Name', 'author 0007 Last Name'),
(9, 'author 0008 First Name', 'author 0008 Last Name'),
(10, 'author 0009 First Name', 'author 0009 Last Name'),
(11, 'author 0010 First Name', 'author 0010 Last Name'),
(12, 'Александр', 'Сидоров'),
(13, 'Жюль', 'Верн');

INSERT INTO `books` (`id`, `title`, `description`, `quantity`) VALUES
(1, 'book Title', 'book Description', 14),
(2, 'book 0001 Title', 'book 0001 Description', 1),
(3, 'book 0002 Title', 'book 0002 Description', 5),
(4, 'book 0003 Title', 'book 0003 Description', 19),
(5, 'book 0004 Title', 'book 0004 Description', 16),
(6, 'book 0005 Title', 'book 0005 Description', 19),
(7, 'book 0006 Title', 'book 0006 Description', 13),
(8, 'book 0007 Title', 'book 0007 Description', 4),
(9, 'book 0008 Title', 'book 0008 Description', 1),
(10, 'book 0009 Title', 'book 0009 Description', 20),
(11, 'book 0010 Title', 'book 0010 Description', 11),
(12, 'book 0011 Title', 'book 0011 Description', 19),
(13, 'book 0012 Title', 'book 0012 Description', 18),
(14, 'book 0013 Title', 'book 0013 Description', 2),
(15, 'book 0014 Title', 'book 0014 Description', 8),
(16, 'book 0015 Title', 'book 0015 Description', 5),
(17, 'book 0016 Title', 'book 0016 Description', 9),
(18, 'book 0017 Title', 'book 0017 Description', 5),
(19, 'book 0018 Title', 'book 0018 Description', 9),
(20, 'book 0019 Title', 'book 0019 Description', 9),
(21, 'book 0020 Title', 'book 0020 Description', 2),
(22, 'book 0021 Title', 'book 0021 Description', 4),
(23, 'book 0022 Title', 'book 0022 Description', 14),
(24, 'book 0023 Title', 'book 0023 Description', 11),
(25, 'book 0024 Title', 'book 0024 Description', 5),
(26, 'book 0025 Title', 'book 0025 Description', 6),
(27, 'book 0026 Title', 'book 0026 Description', 20),
(28, 'book 0027 Title', 'book 0027 Description', 16),
(29, 'book 0028 Title', 'book 0028 Description', 8),
(30, 'book 0029 Title', 'book 0029 Description', 8),
(31, 'book 0030 Title', 'book 0030 Description', 8),
(32, 'book 0031 Title', 'book 0031 Description', 19),
(33, 'book 0032 Title', 'book 0032 Description', 14),
(34, 'book 0033 Title', 'book 0033 Description', 5),
(35, 'book 0034 Title', 'book 0034 Description', 9),
(36, 'book 0035 Title', 'book 0035 Description', 11),
(37, 'book 0036 Title', 'book 0036 Description', 9),
(38, 'book 0037 Title', 'book 0037 Description', 10),
(39, 'book 0038 Title', 'book 0038 Description', 14),
(40, 'book 0039 Title', 'book 0039 Description', 5),
(41, 'book 0040 Title', 'book 0040 Description', 4),
(42, 'book 0041 Title', 'book 0041 Description', 6),
(43, 'book 0042 Title', 'book 0042 Description', 14),
(44, 'book 0043 Title', 'book 0043 Description', 9),
(45, 'book 0044 Title', 'book 0044 Description', 15),
(46, 'book 0045 Title', 'book 0045 Description', 10),
(47, 'book 0046 Title', 'book 0046 Description', 4),
(48, 'book 0047 Title', 'book 0047 Description', 3),
(49, 'book 0048 Title', 'book 0048 Description', 18),
(50, 'book 0049 Title', 'book 0049 Description', 19),
(51, 'book 0050 Title', 'book 0050 Description', 17),
(52, 'book 0051 Title', 'book 0051 Description', 11),
(53, 'book 0052 Title', 'book 0052 Description', 15),
(54, 'book 0053 Title', 'book 0053 Description', 5),
(55, 'book 0054 Title', 'book 0054 Description', 7),
(56, 'book 0055 Title', 'book 0055 Description', 1),
(57, 'book 0056 Title', 'book 0056 Description', 7),
(58, 'book 0057 Title', 'book 0057 Description', 13),
(59, 'book 0058 Title', 'book 0058 Description', 4),
(60, 'book 0059 Title', 'book 0059 Description', 10),
(61, 'book 0060 Title', 'book 0060 Description', 10),
(62, 'book 0061 Title', 'book 0061 Description', 15),
(63, 'book 0062 Title', 'book 0062 Description', 16),
(64, 'book 0063 Title', 'book 0063 Description', 5),
(65, 'book 0064 Title', 'book 0064 Description', 16),
(66, 'book 0065 Title', 'book 0065 Description', 13),
(67, 'book 0066 Title', 'book 0066 Description', 5),
(68, 'book 0067 Title', 'book 0067 Description', 4),
(69, 'book 0068 Title', 'book 0068 Description', 18),
(70, 'book 0069 Title', 'book 0069 Description', 17),
(71, 'book 0070 Title', 'book 0070 Description', 10),
(72, 'book 0071 Title', 'book 0071 Description', 14),
(73, 'book 0072 Title', 'book 0072 Description', 9),
(74, 'book 0073 Title', 'book 0073 Description', 7),
(75, 'book 0074 Title', 'book 0074 Description', 8),
(76, 'book 0075 Title', 'book 0075 Description', 6),
(77, 'book 0076 Title', 'book 0076 Description', 20),
(78, 'book 0077 Title', 'book 0077 Description', 13),
(79, 'book 0078 Title', 'book 0078 Description', 13),
(80, 'book 0079 Title', 'book 0079 Description', 5),
(81, 'book 0080 Title', 'book 0080 Description', 14),
(82, 'book 0081 Title', 'book 0081 Description', 20),
(83, 'book 0082 Title', 'book 0082 Description', 15),
(84, 'book 0083 Title', 'book 0083 Description', 15),
(85, 'book 0084 Title', 'book 0084 Description', 20),
(86, 'book 0085 Title', 'book 0085 Description', 2),
(87, 'book 0086 Title', 'book 0086 Description', 14),
(88, 'book 0087 Title', 'book 0087 Description', 15),
(89, 'book 0088 Title', 'book 0088 Description', 4),
(90, 'book 0089 Title', 'book 0089 Description', 8),
(91, 'book 0090 Title', 'book 0090 Description', 7),
(92, 'book 0091 Title', 'book 0091 Description', 11),
(93, 'book 0092 Title', 'book 0092 Description', 5),
(94, 'book 0093 Title', 'book 0093 Description', 15),
(95, 'book 0094 Title', 'book 0094 Description', 1),
(96, 'book 0095 Title', 'book 0095 Description', 15),
(97, 'book 0096 Title', 'book 0096 Description', 3),
(98, 'book 0097 Title', 'book 0097 Description', 4),
(99, 'book 0098 Title', 'book 0098 Description', 10),
(100, 'book 0099 Title', 'book 0099 Description', 2),
(101, 'book 0100 Title', 'book 0100 Description', 4),
(102, 'Три кота', 'Приключения трех котов в марте', 12),
(103, 'Дети капитана Гранта', 'Дети капитана Гранта', 50);

INSERT INTO `authors_books` (`id`, `author_id`, `book_id`) VALUES
(1, 9, 1),
(2, 4, 1),
(3, 5, 2),
(4, 8, 3),
(5, 3, 3),
(6, 11, 3),
(7, 10, 3),
(8, 11, 3),
(9, 9, 4),
(10, 9, 4),
(11, 2, 4),
(12, 4, 4),
(13, 2, 4),
(14, 3, 5),
(15, 9, 5),
(16, 3, 5),
(17, 9, 5),
(18, 11, 6),
(19, 10, 6),
(20, 11, 6),
(21, 2, 6),
(22, 8, 7),
(23, 6, 7),
(24, 4, 7),
(25, 6, 8),
(26, 1, 8),
(27, 9, 8),
(28, 5, 8),
(29, 1, 9),
(30, 11, 10),
(31, 11, 10),
(32, 2, 10),
(33, 9, 10),
(34, 1, 11),
(35, 7, 12),
(36, 7, 12),
(37, 2, 12),
(38, 5, 12),
(39, 4, 12),
(40, 10, 13),
(41, 2, 13),
(42, 3, 13),
(43, 5, 14),
(44, 2, 14),
(45, 2, 15),
(46, 11, 15),
(47, 8, 15),
(48, 5, 15),
(49, 11, 16),
(50, 8, 16),
(51, 4, 16),
(52, 6, 17),
(53, 9, 17),
(54, 5, 18),
(55, 10, 18),
(56, 6, 18),
(57, 10, 18),
(58, 4, 19),
(59, 11, 19),
(60, 3, 19),
(61, 11, 20),
(62, 6, 20),
(63, 3, 20),
(64, 2, 21),
(65, 4, 21),
(66, 5, 22),
(67, 5, 22),
(68, 1, 22),
(69, 6, 22),
(70, 6, 23),
(71, 6, 23),
(72, 3, 23),
(73, 1, 23),
(74, 5, 23),
(75, 4, 24),
(76, 3, 24),
(77, 6, 24),
(78, 5, 24),
(79, 6, 25),
(80, 6, 26),
(81, 6, 26),
(82, 3, 26),
(83, 3, 26),
(84, 5, 26),
(85, 4, 27),
(86, 7, 27),
(87, 10, 28),
(88, 7, 29),
(89, 1, 29),
(90, 6, 29),
(91, 8, 29),
(92, 8, 29),
(93, 8, 30),
(94, 1, 30),
(95, 1, 31),
(96, 2, 32),
(97, 5, 32),
(98, 11, 32),
(99, 5, 32),
(100, 1, 32),
(101, 7, 33),
(102, 8, 34),
(103, 5, 34),
(104, 1, 35),
(105, 9, 35),
(106, 7, 35),
(107, 3, 36),
(108, 7, 36),
(109, 7, 37),
(110, 4, 37),
(111, 2, 37),
(112, 10, 37),
(113, 5, 37),
(114, 9, 38),
(115, 6, 39),
(116, 9, 39),
(117, 7, 40),
(118, 10, 41),
(119, 1, 42),
(120, 9, 42),
(121, 2, 42),
(122, 6, 43),
(123, 8, 43),
(124, 2, 43),
(125, 3, 44),
(126, 10, 45),
(127, 7, 46),
(128, 6, 46),
(129, 9, 46),
(130, 8, 47),
(131, 1, 47),
(132, 10, 47),
(133, 3, 48),
(134, 1, 48),
(135, 7, 49),
(136, 3, 49),
(137, 8, 49),
(138, 2, 50),
(139, 10, 51),
(140, 11, 52),
(141, 9, 53),
(142, 7, 53),
(143, 5, 53),
(144, 2, 53),
(145, 2, 53),
(146, 8, 54),
(147, 9, 54),
(148, 2, 54),
(149, 8, 55),
(150, 4, 55),
(151, 4, 55),
(152, 10, 55),
(153, 3, 55),
(154, 6, 56),
(155, 4, 56),
(156, 5, 56),
(157, 8, 57),
(158, 7, 57),
(159, 11, 57),
(160, 2, 58),
(161, 10, 58),
(162, 4, 59),
(163, 6, 59),
(164, 8, 59),
(165, 2, 59),
(166, 4, 60),
(167, 6, 60),
(168, 8, 60),
(169, 10, 61),
(170, 10, 61),
(171, 8, 61),
(172, 1, 61),
(173, 6, 61),
(174, 6, 62),
(175, 7, 62),
(176, 1, 62),
(177, 1, 62),
(178, 1, 63),
(179, 6, 63),
(180, 9, 63),
(181, 3, 64),
(182, 2, 64),
(183, 4, 64),
(184, 4, 64),
(185, 5, 65),
(186, 6, 65),
(187, 10, 65),
(188, 8, 66),
(189, 6, 67),
(190, 7, 67),
(191, 4, 67),
(192, 11, 67),
(193, 1, 68),
(194, 10, 68),
(195, 9, 68),
(196, 9, 69),
(197, 4, 69),
(198, 3, 70),
(199, 10, 70),
(200, 11, 70),
(201, 3, 70),
(202, 7, 70),
(203, 7, 71),
(204, 9, 72),
(205, 8, 72),
(206, 1, 72),
(207, 6, 72),
(208, 7, 73),
(209, 1, 73),
(210, 4, 73),
(211, 8, 73),
(212, 2, 73),
(213, 1, 74),
(214, 11, 74),
(215, 2, 75),
(216, 8, 75),
(217, 4, 75),
(218, 11, 75),
(219, 9, 76),
(220, 9, 76),
(221, 11, 77),
(222, 6, 77),
(223, 9, 77),
(224, 1, 77),
(225, 9, 78),
(226, 2, 78),
(227, 6, 78),
(228, 6, 78),
(229, 6, 78),
(230, 7, 79),
(231, 11, 79),
(232, 1, 79),
(233, 2, 79),
(234, 7, 79),
(235, 5, 80),
(236, 7, 80),
(237, 7, 80),
(238, 8, 80),
(239, 6, 80),
(240, 4, 81),
(241, 6, 81),
(242, 2, 81),
(243, 10, 82),
(244, 2, 83),
(245, 7, 83),
(246, 6, 83),
(247, 7, 83),
(248, 2, 84),
(249, 1, 85),
(250, 9, 86),
(251, 2, 86),
(252, 7, 86),
(253, 6, 87),
(254, 1, 87),
(255, 6, 87),
(256, 6, 87),
(257, 10, 88),
(258, 11, 88),
(259, 2, 88),
(260, 3, 88),
(261, 5, 88),
(262, 3, 89),
(263, 6, 89),
(264, 10, 89),
(265, 7, 89),
(266, 7, 90),
(267, 7, 90),
(268, 7, 90),
(269, 1, 90),
(270, 8, 91),
(271, 2, 91),
(272, 8, 91),
(273, 4, 91),
(274, 4, 91),
(275, 5, 92),
(276, 3, 92),
(277, 3, 92),
(278, 1, 92),
(279, 1, 92),
(280, 4, 93),
(281, 8, 94),
(282, 5, 95),
(283, 7, 95),
(284, 6, 95),
(285, 2, 95),
(286, 1, 96),
(287, 10, 96),
(288, 8, 96),
(289, 2, 96),
(290, 5, 96),
(291, 9, 97),
(292, 7, 98),
(293, 2, 98),
(294, 2, 98),
(295, 7, 98),
(296, 8, 99),
(297, 10, 100),
(298, 2, 101),
(299, 12, 102),
(300, 11, 102),
(301, 13, 103);

INSERT INTO `users` (`id`, `username`, `password`, `email`, `salt`, `roles`, `first_name`, `last_name`, `active`) VALUES
(1, 'admin', '$2y$13$m9OoDLxEIkHrWF/lcP4Qvus1lRr30mL0kO.9OC2wx68t9OGD2GCZq', 'admin@example.com', 'f90fa89192d3dbd35ed06f6a', '[\"ROLE_ADMIN\"]', 'Иван', 'Иванович', 1),
(2, 'admin-0001', '$2y$13$f/GUzvaDnFkT8ZOlgo6Hbet8x3s3slYyN1x4sNG3LUwSTXCii6iCW', 'admin-0001@example.com', 'e3e843ed4dd80f1dc4c22fa1', '[\"ROLE_ADMIN\"]', 'admin 0001 First Name', 'admin 0001 Last Name', 1),
(3, 'admin-0002', '$2y$13$4A1tr6/sEPVRFr2/trqYd..EcJpXEs3.sHOQdRSixzReB3CIgev9K', 'admin-0002@example.com', 'bbfcb810fac73206579779f7', '[\"ROLE_ADMIN\"]', 'admin 0002 First Name', 'admin 0002 Last Name', 1),
(4, 'librarian', '$2y$13$/ZoVLK7jvBLeMQ74sNPY8uPoNO.rj9wIif2CwtoAYNO7W0xvYDPou', 'librarian@example.com', 'f6e1ae228b9d71b0f9c2fb24', '[\"ROLE_LIBRARIAN\"]', 'librarian First Name', 'librarian Last Name', 1),
(5, 'librarian 0001', '$2y$13$p8IRXn0BBHo.gnM1VJiycux5hT9iKw0NrY2KqiqCDUKvk8ngMD/L2', 'librarian-0001@example.com', 'f9e4ad640464711a93ebd201', '[\"ROLE_LIBRARIAN\"]', 'librarian 0001 First Name', 'librarian 0001 Last Name', 1),
(6, 'librarian 0002', '$2y$13$1Xy4ywBGs7N6UPOYvsoYieLtl9W3vVwClW61MTNPwI0bjwTA/WpZe', 'librarian-0002@example.com', 'e3b34d44f2f537d4d7071eaa', '[\"ROLE_LIBRARIAN\"]', 'librarian 0002 First Name', 'librarian 0002 Last Name', 1),
(7, 'librarian 0003', '$2y$13$hXCx.ClBNc7ZUFdLfrGmauT82laG79P8UrNLilAk/RSjVmchu.p.2', 'librarian-0003@example.com', '3cf0ac8bdae5a0da7b863345', '[\"ROLE_LIBRARIAN\"]', 'librarian 0003 First Name', 'librarian 0003 Last Name', 1),
(8, 'librarian 0004', '$2y$13$MEYHdHoMQvf6Jg9RxInak..x6GoW8PmBkZMLh27.Rp5VdEPUuyI8i', 'librarian-0004@example.com', 'a15ac13f08c0d054dd5257ed', '[\"ROLE_LIBRARIAN\"]', 'librarian 0004 First Name', 'librarian 0004 Last Name', 1),
(9, 'librarian 0005', '$2y$13$FRpiXKGvu1gyDXnhImDCNeUldb0yvPn7foBSNt5k7gZtLETqtahIC', 'librarian-0005@example.com', '9a2ea21e0a8e62fb2bb650f3', '[\"ROLE_LIBRARIAN\"]', 'librarian 0005 First Name', 'librarian 0005 Last Name', 1),
(10, 'reader', '$2y$13$q19PQqJW9Ar0him86/501uc0YXWwF8YphVMrvGaJZaQ3UFFTY1lam', 'reader@example.com', '478348ea513e059bfd33de2c', '[\"ROLE_READER\"]', 'reader First Name', 'reader Last Name', 1),
(11, 'reader 0001', '$2y$13$ye8QnI8Ecwg2dFuwm6Fxj.5cWKzp4FEi3jGllpPc9jPc6IOdqFhS.', 'reader-0001@example.com', '68a70b9e3fc72c29f16adf35', '[\"ROLE_READER\"]', 'reader 0001 First Name', 'reader 0001 Last Name', 1),
(12, 'reader 0002', '$2y$13$2O61./.mfPB89BDA.EuFvOKmwgatWrw43EuyBNRghdrYR/8R5d7Mi', 'reader-0002@example.com', '3264bd645ae1785ee52d8893', '[\"ROLE_READER\"]', 'reader 0002 First Name', 'reader 0002 Last Name', 1),
(13, 'reader 0003', '$2y$13$wX1NU/uzSHgJ.UjPvTabC.e0Il2Eclf7vElaCAUgoEvf7XvrJAddm', 'reader-0003@example.com', '45ace45b3698197b4122cd17', '[\"ROLE_READER\"]', 'reader 0003 First Name', 'reader 0003 Last Name', 1),
(14, 'reader 0004', '$2y$13$km9KooEhI/0mDAeZFTyo7eqGVuEGe1qqH0uYpj2qDWCi6PrGDZfAG', 'reader-0004@example.com', '0018f7746d729aa8441d27f5', '[\"ROLE_READER\"]', 'reader 0004 First Name', 'reader 0004 Last Name', 1),
(15, 'reader 0005', '$2y$13$d6M.iY//pSJ.vnDwSU/FkOKu8V007hbETY.TFgDCdClHwh3n/5.Om', 'reader-0005@example.com', '3907f511d266f0081279d5ca', '[\"ROLE_READER\"]', 'reader 0005 First Name', 'reader 0005 Last Name', 1),
(16, 'reader 0006', '$2y$13$nhE9MxsI5GYUSots.qUlKuGPFaVRWfO/9VL4kNjzw0uRw74/2RpbS', 'reader-0006@example.com', 'cbf06e2cbe79a89bef358f5f', '[\"ROLE_READER\"]', 'reader 0006 First Name', 'reader 0006 Last Name', 1),
(17, 'reader 0007', '$2y$13$KKbsmeXk9ORoTi6F0pjUI.YXvPoOW5.8/aJT5UEMzrq0PgHm71znm', 'reader-0007@example.com', '41bfb4c5d925683885749e61', '[\"ROLE_READER\"]', 'reader 0007 First Name', 'reader 0007 Last Name', 1),
(18, 'reader 0008', '$2y$13$povAXRjGWHRSEW0OhVMtmOU6WJwyAJzpYYvpsgq4scaKhtPVx8Pcy', 'reader-0008@example.com', '80999ebff24cdb976c9f760d', '[\"ROLE_READER\"]', 'reader 0008 First Name', 'reader 0008 Last Name', 1),
(19, 'reader 0009', '$2y$13$TPBGgZ4q/BMlYWczpvaaUO0apMT0WslYM6gljVda93/IelwybDAte', 'reader-0009@example.com', '2ebdfdf1f0295a5c4ef5397d', '[\"ROLE_READER\"]', 'reader 0009 First Name', 'reader 0009 Last Name', 1),
(20, 'reader 0010', '$2y$13$BBUhhTMdJAjHz.ZOMWEsF.o6kuOWySmb31VbpBHrRy25CqSTNK1j6', 'reader-0010@example.com', 'e13b33b4a6858a096c036d65', '[\"ROLE_READER\"]', 'reader 0010 First Name', 'reader 0010 Last Name', 1),
(21, 'ivanov', '$2y$13$m9OoDLxEIkHrWF/lcP4Qvus1lRr30mL0kO.9OC2wx68t9OGD2GCZq', 'ivanov@example.com', 'f90fa89192d3dbd35ed06f6a', '[\"ROLE_LIBRARIAN\"]', 'Иван', 'Иванов', 1),
(22, 'petrov', '$2y$13$m9OoDLxEIkHrWF/lcP4Qvus1lRr30mL0kO.9OC2wx68t9OGD2GCZq', 'petrov@example.com', 'f90fa89192d3dbd35ed06f6a', '[\"ROLE_READER\"]', 'Петр', 'Петров', 1);

INSERT INTO `orders` (`id`, `book_id`, `user_id`, `reading_type`, `status`, `start_at`, `end_at`, `quantity`, `created_at`) VALUES
(1, 102, 1, 2, 2, '2021-12-27', '2022-01-07', 1, '2021-12-26 15:50:40'),
(2, 103, 1, 2, 1, '2021-12-26', '2022-01-07', 1, '2021-12-26 16:16:57');

INSERT INTO `reading` (`id`, `book_id`, `user_id`, `reading_type`, `quantity`, `start_at`, `end_at`, `prolong_at`) VALUES
(1, 102, 1, 2, 1, '2021-12-27', '2022-01-07', '2022-01-05');
